%roundNum, %playerNum, %fitness, %myMovesWeight, %theirMovesWeight, %myPiecesWeight, %theirMovesWeight, %myMovableWeight, %theirMovableWeight, %timeIndividualFinished
0, 0, 0.42, 1.0, 3.0, 1.0, 3.0, 1.0, 3.0, 16:09:01.836627
0, 1, 0.34, 1.0, 3.0, 1.0, 3.0, 1.0, 3.0, 16:09:52.774155
0, 2, 0.32, 1.0, 2.99727414883, 1.0, 2.99727414883, 1.0, 3.0, 16:10:39.082945
0, 3, 0.38, 1.0, 2.60044391107, 1.07324618061, 2.60044391107, 1.0, 3.0, 16:11:31.088555
0, 4, 0.26, 1.0, 3.0, 1.4564874113, 3.0, 1.0, 3.0, 16:12:21.334396
